time,x,y,z
0.00,464.6900,28.6900,254.2000
0.02,464.6900,28.6861,254.2000
0.09,464.6900,28.6782,254.2000
0.14,464.6900,28.6055,254.2000
0.17,464.6900,28.5296,254.2000
0.19,464.6900,28.4586,254.2000
0.20,464.6900,28.4354,254.2000
0.21,464.6900,28.4063,254.2000
0.22,464.6900,28.3789,254.2000
0.24,464.6900,28.3513,254.2000
0.25,464.6900,28.3192,254.2000
0.26,464.6900,28.2857,254.2000
0.28,464.6900,28.2497,254.2000
0.30,464.6900,28.1996,254.2000
0.34,464.6900,28.1421,254.2000
0.35,464.6900,27.9802,254.2000
0.37,464.6900,27.9391,254.2000
0.38,464.6900,27.8928,254.2000
0.39,464.6900,27.8434,254.2000
0.40,464.6900,27.7961,254.2000
0.42,464.6900,27.7431,254.2000
0.43,464.6900,27.6917,254.2000
0.44,464.6900,27.6427,254.2000
0.45,464.6900,27.5892,254.2000
0.49,464.6900,27.5301,254.2000
0.50,464.6900,27.3598,254.2000
0.51,464.6900,27.3046,254.2000
0.52,464.6900,27.2443,254.2000
0.53,464.6900,27.1792,254.2000
0.54,464.6900,27.1151,254.2000
0.56,464.6900,27.0481,254.2000
0.57,464.6900,26.9816,254.2000
0.58,464.6900,26.9134,254.2000
0.59,464.6900,26.8428,254.2000
0.60,464.6900,26.7770,254.2000
0.63,464.6900,26.7060,254.2000
0.65,464.6900,26.5013,254.2000
0.65,464.6900,26.4322,254.2000
0.67,464.6900,26.3689,254.2000
0.68,464.6900,26.2859,254.2000
0.69,464.6900,26.2051,254.2000
0.70,464.6900,26.1300,254.2000
0.71,464.6900,26.0370,254.2000
0.73,464.6900,25.9532,254.2000
0.74,464.6900,25.8686,254.2000
0.75,464.6900,25.7696,254.2000
0.76,464.6900,25.6823,254.2000
0.80,464.6900,25.5760,254.2000
0.81,464.6900,25.2886,254.2000
0.82,464.6900,25.1962,254.2000
0.83,464.6900,25.1000,254.2000
0.85,464.6900,25.0046,254.2000
0.86,464.6900,24.9097,254.2000
0.87,464.6900,24.8099,254.2000
0.88,464.6900,24.7168,254.2000
0.89,464.6900,24.6199,254.2000
0.90,464.6900,24.5246,254.2000
0.91,464.6900,24.4213,254.2000
0.92,464.6900,24.3161,254.2000
0.95,464.6900,24.2154,254.2000
0.96,464.6900,23.9243,254.2000
0.97,464.6900,23.8407,254.2000
0.98,464.6900,23.7379,254.2000
0.99,464.6900,23.6338,254.2000
1.00,464.6900,23.5276,254.2000
1.01,464.6900,23.4313,254.2000
1.03,464.6900,23.3211,254.2000
1.04,464.6900,23.2156,254.2000
1.05,464.6900,23.1106,254.2000
1.06,464.6900,22.9965,254.2000
1.07,464.6900,22.8850,254.2000
1.08,464.6900,22.7700,254.2000
1.11,464.6900,22.6516,254.2000
1.12,464.6900,22.3062,254.2000
1.13,464.6900,22.2102,254.2000
1.14,464.6900,22.0878,254.2000
1.15,464.6900,21.9717,254.2000
1.16,464.6900,21.8441,254.2000
1.17,464.6900,21.7115,254.2000
1.18,464.6900,21.5980,254.2000
1.19,464.6900,21.4665,254.2000
1.20,464.6900,21.3429,254.2000
1.22,464.6900,21.2060,254.2000
1.23,464.6900,21.0744,254.2000
1.24,464.6900,20.9467,254.2000
1.27,464.6900,20.8104,254.2000
1.28,464.6900,20.4120,254.2000
1.29,464.6900,20.2827,254.2000
1.30,464.6900,20.1539,254.2000
1.31,464.6900,20.0171,254.2000
1.32,464.6900,19.8900,254.2000
1.33,464.6900,19.7448,254.2000
1.34,464.6900,19.6155,254.2000
1.35,464.6900,19.4809,254.2000
1.36,464.6900,19.3576,254.2000
1.37,464.6900,19.2287,254.2000
1.38,464.6900,19.1010,254.2000
1.39,464.6900,18.9676,254.2000
1.40,464.6900,18.8431,254.2000
1.42,464.6900,18.7069,254.2000
1.43,464.6900,18.3212,254.2000
1.44,464.6900,18.1870,254.2000
1.45,464.6900,18.0502,254.2000
1.46,464.6900,17.9167,254.2000
1.47,464.6900,17.7803,254.2000
1.48,464.6900,17.6506,254.2000
1.49,464.6900,17.5039,254.2000
1.50,464.6900,17.3728,254.2000
1.51,464.6900,17.2274,254.2000
1.52,464.6900,17.0944,254.2000
1.53,464.6900,16.9430,254.2000
1.54,464.6900,16.8059,254.2000
1.55,464.6900,16.6585,254.2000
1.55,464.6900,16.5173,254.2000
1.58,464.6900,16.3729,254.2000
1.59,464.6900,15.9441,254.2000
1.60,464.6900,15.8134,254.2000
1.61,464.6900,15.6515,254.2000
1.62,464.6900,15.5093,254.2000
1.63,464.6900,15.3488,254.2000
1.64,464.6900,15.1974,254.2000
1.65,464.6900,15.0477,254.2000
1.66,464.6900,14.8986,254.2000
1.67,464.6900,14.7452,254.2000
1.67,464.6900,14.5942,254.2000
1.68,464.6900,14.4395,254.2000
1.69,464.6900,14.2852,254.2000
1.70,464.6900,14.1202,254.2000
1.71,464.6900,13.9764,254.2000
1.74,464.6900,13.8056,254.2000
1.75,464.6900,13.3411,254.2000
1.76,464.6900,13.2020,254.2000
1.77,464.6900,13.0369,254.2000
1.78,464.6900,12.8791,254.2000
1.78,464.6900,12.7176,254.2000
1.79,464.6900,12.5508,254.2000
1.80,464.6900,12.3692,254.2000
1.81,464.6900,12.2111,254.2000
1.82,464.6900,12.0337,254.2000
1.83,464.6900,11.8748,254.2000
1.84,464.6900,11.6989,254.2000
1.85,464.6900,11.5367,254.2000
1.86,464.6900,11.3558,254.2000
1.87,464.6900,11.1920,254.2000
1.90,464.6900,10.9630,254.2000
1.91,464.6900,10.4542,254.2000
1.92,464.6900,10.3091,254.2000
1.93,464.6900,10.1228,254.2000
1.94,464.6900,9.9546,254.2000
1.94,464.6900,9.7647,254.2000
1.95,464.6900,9.5823,254.2000
1.96,464.6900,9.4052,254.2000
1.97,464.6900,9.2256,254.2000
1.98,464.6900,9.0418,254.2000
1.99,464.6900,8.8644,254.2000
2.00,464.6900,8.6810,254.2000
2.01,464.6900,8.4995,254.2000
2.02,464.6900,8.3125,254.2000
2.03,464.6900,8.1262,254.2000
2.06,464.6900,7.9276,254.2000
2.06,464.6900,7.3801,254.2000
2.07,464.6900,7.2138,254.2000
2.08,464.6900,7.0245,254.2000
2.09,464.6900,6.8308,254.2000
2.10,464.6900,6.6370,254.2000
2.11,464.6900,6.4500,254.2000
2.12,464.6900,6.2484,254.2000
2.13,464.6900,6.0596,254.2000
2.14,464.6900,5.8636,254.2000
2.15,464.6900,5.6785,254.2000
2.16,464.6900,5.4661,254.2000
2.17,464.6900,5.2646,254.2000
2.18,464.6900,5.0615,254.2000
2.18,464.6900,4.8652,254.2000
2.21,464.6900,4.6621,254.2000
2.22,464.6900,4.0688,254.2000
2.23,464.6900,3.9040,254.2000
2.24,464.6900,3.6845,254.2000
2.25,464.6900,3.4897,254.2000
2.26,464.6900,3.2753,254.2000
2.27,464.6900,3.0777,254.2000
2.28,464.6900,2.8561,254.2000
2.28,464.6900,2.6563,254.2000
2.29,464.6900,2.4411,254.2000
2.30,464.6900,2.2404,254.2000
2.31,464.6900,2.0303,254.2000
2.32,464.6900,1.8197,254.2000
2.33,464.6900,1.5985,254.2000
2.34,464.6900,1.3870,254.2000
2.37,464.6900,1.1697,254.2000
2.38,464.6900,0.5283,254.2000
2.39,464.6900,0.3449,254.2000
2.39,464.6900,0.1099,254.2000
2.40,464.6900,0.0100,254.2000
2.41,464.6900,0.0100,254.2000
2.42,464.6900,0.0100,254.2000
2.43,464.6900,0.0100,254.2000
2.44,464.6900,0.0100,254.2000
2.45,464.6900,0.0100,254.2000
2.46,464.6900,0.0100,254.2000
2.47,464.6900,0.0100,254.2000
2.48,464.6900,0.0100,254.2000
2.49,464.6900,0.0100,254.2000
2.50,464.6900,0.0100,254.2000
2.53,464.6900,0.0100,254.2000
2.53,464.6900,0.0100,254.2000
2.54,464.6900,0.0100,254.2000
2.55,464.6900,0.0100,254.2000
2.56,464.6900,0.0100,254.2000
2.57,464.6900,0.0100,254.2000
2.58,464.6900,0.0100,254.2000
2.59,464.6900,0.0100,254.2000
2.60,464.6900,0.0100,254.2000
2.61,464.6900,0.0100,254.2000
2.62,464.6900,0.0100,254.2000
2.63,464.6900,0.0100,254.2000
2.64,464.6900,0.0100,254.2000
2.65,464.6900,0.0100,254.2000
2.66,464.6900,0.0100,254.2000
2.68,464.6900,0.0100,254.2000
2.69,464.6900,0.0100,254.2000
2.70,464.6900,0.0100,254.2000
2.71,464.6900,0.0100,254.2000
2.72,464.6900,0.0100,254.2000
2.74,464.6900,0.0100,254.2000
2.75,464.6900,0.0100,254.2000
2.76,464.6900,0.0100,254.2000
2.77,464.6900,0.0100,254.2000
2.78,464.6900,0.0100,254.2000
2.79,464.6900,0.0100,254.2000
2.80,464.6900,0.0100,254.2000
2.81,464.6900,0.0100,254.2000
2.82,464.6900,0.0100,254.2000
2.83,464.6900,0.0100,254.2000
2.84,464.6900,0.0100,254.2000
2.85,464.6900,0.0100,254.2000
2.86,464.6900,0.0100,254.2000
2.87,464.6900,0.0100,254.2000
2.89,464.6900,0.0100,254.2000
2.90,464.6900,0.0100,254.2000
2.91,464.6900,0.0100,254.2000
2.92,464.6900,0.0100,254.2000
2.93,464.6900,0.0100,254.2000
2.94,464.6900,0.0100,254.2000
2.95,464.6900,0.0100,254.2000
2.96,464.6900,0.0100,254.2000
2.97,464.6900,0.0100,254.2000
2.98,464.6900,0.0100,254.2000
2.99,464.6900,0.0100,254.2000
3.00,464.6900,0.0100,254.2000
3.01,464.6900,0.0100,254.2000
3.02,464.6900,0.0100,254.2000
3.04,464.6900,0.0100,254.2000
3.05,464.6900,0.0100,254.2000
3.06,464.6900,0.0100,254.2000
3.07,464.6900,0.0100,254.2000
3.08,464.6900,0.0100,254.2000
3.09,464.6900,0.0100,254.2000
3.10,464.6900,0.0100,254.2000
3.11,464.6900,0.0100,254.2000
3.12,464.6900,0.0100,254.2000
3.13,464.6900,0.0100,254.2000
3.14,464.6900,0.0100,254.2000
3.15,464.6900,0.0100,254.2000
3.16,464.6900,0.0100,254.2000
3.17,464.6900,0.0100,254.2000
3.19,464.6900,0.0100,254.2000
3.20,464.6900,0.0100,254.2000
3.21,464.6900,0.0100,254.2000
3.22,464.6900,0.0100,254.2000
3.23,464.6900,0.0100,254.2000
3.24,464.6900,0.0100,254.2000
3.25,464.6900,0.0100,254.2000
3.26,464.6900,0.0100,254.2000
3.27,464.6900,0.0100,254.2000
3.28,464.6900,0.0100,254.2000
3.29,464.6900,0.0100,254.2000
3.30,464.6900,0.0100,254.2000
3.31,464.6900,0.0100,254.2000
3.32,464.6900,0.0100,254.2000
3.33,464.6900,0.0100,254.2000
3.35,464.6900,0.0100,254.2000
3.36,464.6900,0.0100,254.2000
3.37,464.6900,0.0100,254.2000
3.38,464.6900,0.0100,254.2000
3.39,464.6900,0.0100,254.2000
3.40,464.6900,0.0100,254.2000
3.41,464.6900,0.0100,254.2000
3.42,464.6900,0.0100,254.2000
3.43,464.6900,0.0100,254.2000
3.44,464.6900,0.0100,254.2000
3.45,464.6900,0.0100,254.2000
3.46,464.6900,0.0100,254.2000
3.47,464.6900,0.0100,254.2000
3.49,464.6900,0.0100,254.2000
3.50,464.6900,0.0100,254.2000
3.51,464.6900,0.0100,254.2000
3.52,464.6900,0.0100,254.2000
3.53,464.6900,0.0100,254.2000
3.55,464.6900,0.0100,254.2000
3.56,464.6900,0.0100,254.2000
3.57,464.6900,0.0100,254.2000
3.59,464.6900,0.0100,254.2000
3.60,464.6900,0.0100,254.2000
3.61,464.6900,0.0100,254.2000
3.62,464.6900,0.0100,254.2000
3.63,464.6900,0.0100,254.2000
3.64,464.6900,0.0100,254.2000
3.65,464.6900,0.0100,254.2000
3.66,464.6900,0.0100,254.2000
3.67,464.6900,0.0100,254.2000
3.68,464.6900,0.0100,254.2000
3.69,464.6900,0.0100,254.2000
3.70,464.6900,0.0100,254.2000
3.71,464.6900,0.0100,254.2000
3.73,464.6900,0.0100,254.2000
3.74,464.6900,0.0100,254.2000
3.75,464.6900,0.0100,254.2000
3.76,464.6900,0.0100,254.2000
3.77,464.6900,0.0100,254.2000
3.78,464.6900,0.0100,254.2000
3.79,464.6900,0.0100,254.2000
3.80,464.6900,0.0100,254.2000
3.81,464.6900,0.0100,254.2000
3.82,464.6900,0.0100,254.2000
3.83,464.6900,0.0100,254.2000
3.84,464.6900,0.0100,254.2000
3.85,464.6900,0.0100,254.2000
3.87,464.6900,0.0100,254.2000
3.88,464.6900,0.0100,254.2000
3.89,464.6900,0.0100,254.2000
3.90,464.6900,0.0100,254.2000
3.91,464.6900,0.0100,254.2000
3.92,464.6900,0.0100,254.2000
3.93,464.6900,0.0100,254.2000
3.94,464.6900,0.0100,254.2000
3.95,464.6900,0.0100,254.2000
3.96,464.6900,0.0100,254.2000
3.97,464.6900,0.0100,254.2000
3.98,464.6900,0.0100,254.2000
4.00,464.6900,0.0100,254.2000
4.01,464.6900,0.0100,254.2000
4.02,464.6900,0.0100,254.2000
4.03,464.6900,0.0100,254.2000
4.04,464.6900,0.0100,254.2000
4.05,464.6900,0.0100,254.2000
4.06,464.6900,0.0100,254.2000
4.07,464.6900,0.0100,254.2000
4.08,464.6900,0.0100,254.2000
4.09,464.6900,0.0100,254.2000
4.10,464.6900,0.0100,254.2000
4.11,464.6900,0.0100,254.2000
4.12,464.6900,0.0100,254.2000
4.13,464.6900,0.0100,254.2000
4.15,464.6900,0.0100,254.2000
4.16,464.6900,0.0100,254.2000
4.18,464.6900,0.0100,254.2000
4.19,464.6900,0.0100,254.2000
4.20,464.6900,0.0100,254.2000
4.21,464.6900,0.0100,254.2000
4.22,464.6900,0.0100,254.2000
4.23,464.6900,0.0100,254.2000
4.24,464.6900,0.0100,254.2000
4.25,464.6900,0.0100,254.2000
4.26,464.6900,0.0100,254.2000
4.28,464.6900,0.0100,254.2000
4.29,464.6900,0.0100,254.2000
4.30,464.6900,0.0100,254.2000
4.31,464.6900,0.0100,254.2000
4.32,464.6900,0.0100,254.2000
4.33,464.6900,0.0100,254.2000
4.34,464.6900,0.0100,254.2000
4.35,464.6900,0.0100,254.2000
4.36,464.6900,0.0100,254.2000
4.37,464.6900,0.0100,254.2000
4.39,464.6900,0.0100,254.2000
4.40,464.6900,0.0100,254.2000
4.41,464.6900,0.0100,254.2000
4.42,464.6900,0.0100,254.2000
4.43,464.6900,0.0100,254.2000
4.44,464.6900,0.0100,254.2000
4.45,464.6900,0.0100,254.2000
4.46,464.6900,0.0100,254.2000
4.47,464.6900,0.0100,254.2000
4.47,464.6900,0.0100,254.2000
4.49,464.6900,0.0100,254.2000
4.49,464.6900,0.0100,254.2000
4.51,464.6900,0.0100,254.2000
4.51,464.6900,0.0100,254.2000
4.53,464.6900,0.0100,254.2000
4.53,464.6900,0.0100,254.2000
4.55,464.6900,0.0100,254.2000
4.55,464.6900,0.0100,254.2000
4.56,464.6900,0.0100,254.2000
4.57,464.6900,0.0100,254.2000
4.58,464.6900,0.0100,254.2000
4.59,464.6900,0.0100,254.2000
4.60,464.6900,0.0100,254.2000
4.61,464.6900,0.0100,254.2000
4.62,464.6900,0.0100,254.2000
4.63,464.6900,0.0100,254.2000
4.64,464.6900,0.0100,254.2000
4.65,464.6900,0.0100,254.2000
4.66,464.6900,0.0100,254.2000
4.67,464.6900,0.0100,254.2000
4.68,464.6900,0.0100,254.2000
4.69,464.6900,0.0100,254.2000
4.70,464.6900,0.0100,254.2000
4.71,464.6900,0.0100,254.2000
4.72,464.6900,0.0100,254.2000
4.73,464.6900,0.0100,254.2000
4.74,464.6900,0.0100,254.2000
4.75,464.6900,0.0100,254.2000
4.76,464.6900,0.0100,254.2000
4.77,464.6900,0.0100,254.2000
4.78,464.6900,0.0100,254.2000
4.79,464.6900,0.0100,254.2000
4.80,464.6900,0.0100,254.2000
4.81,464.6900,0.0100,254.2000
4.82,464.6900,0.0100,254.2000
4.83,464.6900,0.0100,254.2000
4.84,464.6900,0.0100,254.2000
4.85,464.6900,0.0100,254.2000
4.86,464.6900,0.0100,254.2000
4.87,464.6900,0.0100,254.2000
4.88,464.6900,0.0100,254.2000
4.89,464.6900,0.0100,254.2000
4.90,464.6900,0.0100,254.2000
4.91,464.6900,0.0100,254.2000
4.92,464.6900,0.0100,254.2000
4.93,464.6900,0.0100,254.2000
4.94,464.6900,0.0100,254.2000
4.95,464.6900,0.0100,254.2000
4.96,464.6900,0.0100,254.2000
4.98,464.6900,0.0100,254.2000
4.99,464.6900,0.0100,254.2000
5.00,464.6900,0.0100,254.2000
5.01,464.6900,0.0100,254.2000
5.02,464.6900,0.0100,254.2000
5.03,464.6900,0.0100,254.2000
5.04,464.6900,0.0100,254.2000
5.05,464.6900,0.0100,254.2000
5.06,464.6900,0.0100,254.2000
5.08,464.6900,0.0100,254.2000
5.09,464.6900,0.0100,254.2000
5.10,464.6900,0.0100,254.2000
5.11,464.6900,0.0100,254.2000
5.12,464.6900,0.0100,254.2000
5.13,464.6900,0.0100,254.2000
5.14,464.6900,0.0100,254.2000
5.15,464.6900,0.0100,254.2000
5.16,464.6900,0.0100,254.2000
5.17,464.6900,0.0100,254.2000
5.19,464.6900,0.0100,254.2000
5.20,464.6900,0.0100,254.2000
5.21,464.6900,0.0100,254.2000
5.22,464.6900,0.0100,254.2000
5.23,464.6900,0.0100,254.2000
5.24,464.6900,0.0100,254.2000
5.25,464.6900,0.0100,254.2000
5.26,464.6900,0.0100,254.2000
5.27,464.6900,0.0100,254.2000
5.29,464.6900,0.0100,254.2000
5.30,464.6900,0.0100,254.2000
5.31,464.6900,0.0100,254.2000
5.32,464.6900,0.0100,254.2000
5.33,464.6900,0.0100,254.2000
5.34,464.6900,0.0100,254.2000
5.35,464.6900,0.0100,254.2000
5.36,464.6900,0.0100,254.2000
5.37,464.6900,0.0100,254.2000
5.39,464.6900,0.0100,254.2000
5.40,464.6900,0.0100,254.2000
5.41,464.6900,0.0100,254.2000
5.42,464.6900,0.0100,254.2000
5.43,464.6900,0.0100,254.2000
5.44,464.6900,0.0100,254.2000
5.45,464.6900,0.0100,254.2000
5.46,464.6900,0.0100,254.2000
5.47,464.6900,0.0100,254.2000
5.49,464.6900,0.0100,254.2000
5.50,464.6900,0.0100,254.2000
5.51,464.6900,0.0100,254.2000
5.52,464.6900,0.0100,254.2000
5.53,464.6900,0.0100,254.2000
5.54,464.6900,0.0100,254.2000
5.55,464.6900,0.0100,254.2000
5.57,464.6900,0.0100,254.2000
5.58,464.6900,0.0100,254.2000
5.59,464.6900,0.0100,254.2000
5.60,464.6900,0.0100,254.2000
5.61,464.6900,0.0100,254.2000
5.62,464.6900,0.0100,254.2000
5.63,464.6900,0.0100,254.2000
5.65,464.6900,0.0100,254.2000
5.66,464.6900,0.0100,254.2000
5.67,464.6900,0.0100,254.2000
5.68,464.6900,0.0100,254.2000
5.69,464.6900,0.0100,254.2000
5.70,464.6900,0.0100,254.2000
5.71,464.6900,0.0100,254.2000
5.73,464.6900,0.0100,254.2000
5.74,464.6900,0.0100,254.2000
5.75,464.6900,0.0100,254.2000
5.76,464.6900,0.0100,254.2000
5.77,464.6900,0.0100,254.2000
5.78,464.6900,0.0100,254.2000
5.79,464.6900,0.0100,254.2000
5.80,464.6900,0.0100,254.2000
5.81,464.6900,0.0100,254.2000
5.83,464.6900,0.0100,254.2000
5.84,464.6900,0.0100,254.2000
5.85,464.6900,0.0100,254.2000
5.86,464.6900,0.0100,254.2000
5.87,464.6900,0.0100,254.2000
5.88,464.6900,0.0100,254.2000
5.89,464.6900,0.0100,254.2000
5.90,464.6900,0.0100,254.2000
5.92,464.6900,0.0100,254.2000
5.93,464.6900,0.0100,254.2000
5.94,464.6900,0.0100,254.2000
5.95,464.6900,0.0100,254.2000
5.96,464.6900,0.0100,254.2000
5.97,464.6900,0.0100,254.2000
5.98,464.6900,0.0100,254.2000
5.99,464.6900,0.0100,254.2000
6.00,464.6900,0.0100,254.2000
6.02,464.6900,0.0100,254.2000
6.03,464.6900,0.0100,254.2000
6.04,464.6900,0.0100,254.2000
6.05,464.6900,0.0100,254.2000
6.06,464.6900,0.0100,254.2000
6.07,464.6900,0.0100,254.2000
6.08,464.6900,0.0100,254.2000
6.09,464.6900,0.0100,254.2000
6.11,464.6900,0.0100,254.2000
6.12,464.6900,0.0100,254.2000
6.13,464.6900,0.0100,254.2000
6.14,464.6900,0.0100,254.2000
6.15,464.6900,0.0100,254.2000
6.16,464.6900,0.0100,254.2000
6.17,464.6900,0.0100,254.2000
6.18,464.6900,0.0100,254.2000
6.20,464.6900,0.0100,254.2000
6.21,464.6900,0.0100,254.2000
6.22,464.6900,0.0100,254.2000
6.23,464.6900,0.0100,254.2000
6.24,464.6900,0.0100,254.2000
6.25,464.6900,0.0100,254.2000
6.26,464.6900,0.0100,254.2000
6.27,464.6900,0.0100,254.2000
6.28,464.6900,0.0100,254.2000
6.30,464.6900,0.0100,254.2000
6.31,464.6900,0.0100,254.2000
6.32,464.6900,0.0100,254.2000
6.33,464.6900,0.0100,254.2000
6.34,464.6900,0.0100,254.2000
6.35,464.6900,0.0100,254.2000
6.36,464.6900,0.0100,254.2000
6.37,464.6900,0.0100,254.2000
6.39,464.6900,0.0100,254.2000
6.40,464.6900,0.0100,254.2000
6.41,464.6900,0.0100,254.2000
6.42,464.6900,0.0100,254.2000
6.43,464.6900,0.0100,254.2000
6.44,464.6900,0.0100,254.2000
6.45,464.6900,0.0100,254.2000
6.46,464.6900,0.0100,254.2000
6.47,464.6900,0.0100,254.2000
6.49,464.6900,0.0100,254.2000
6.50,464.6900,0.0100,254.2000
6.51,464.6900,0.0100,254.2000
6.52,464.6900,0.0100,254.2000
6.53,464.6900,0.0100,254.2000
6.54,464.6900,0.0100,254.2000
6.55,464.6900,0.0100,254.2000
6.56,464.6900,0.0100,254.2000
6.57,464.6900,0.0100,254.2000
6.59,464.6900,0.0100,254.2000
6.60,464.6900,0.0100,254.2000
6.61,464.6900,0.0100,254.2000
6.62,464.6900,0.0100,254.2000
6.63,464.6900,0.0100,254.2000
6.64,464.6900,0.0100,254.2000
6.65,464.6900,0.0100,254.2000
6.66,464.6900,0.0100,254.2000
6.67,464.6900,0.0100,254.2000
6.68,464.6900,0.0100,254.2000
6.69,464.6900,0.0100,254.2000
6.71,464.6900,0.0100,254.2000
6.72,464.6900,0.0100,254.2000
6.73,464.6900,0.0100,254.2000
6.74,464.6900,0.0100,254.2000
6.75,464.6900,0.0100,254.2000
6.76,464.6900,0.0100,254.2000
6.77,464.6900,0.0100,254.2000
6.78,464.6900,0.0100,254.2000
6.79,464.6900,0.0100,254.2000
6.80,464.6900,0.0100,254.2000
6.82,464.6900,0.0100,254.2000
6.83,464.6900,0.0100,254.2000
6.84,464.6900,0.0100,254.2000
6.85,464.6900,0.0100,254.2000
6.86,464.6900,0.0100,254.2000
6.87,464.6900,0.0100,254.2000
6.88,464.6900,0.0100,254.2000
6.89,464.6900,0.0100,254.2000
6.90,464.6900,0.0100,254.2000
6.91,464.6900,0.0100,254.2000
6.92,464.6900,0.0100,254.2000
6.94,464.6900,0.0100,254.2000
6.95,464.6900,0.0100,254.2000
6.96,464.6900,0.0100,254.2000
6.97,464.6900,0.0100,254.2000
6.98,464.6900,0.0100,254.2000
6.99,464.6900,0.0100,254.2000
7.00,464.6900,0.0100,254.2000
7.01,464.6900,0.0100,254.2000
7.02,464.6900,0.0100,254.2000
7.04,464.6900,0.0100,254.2000
7.05,464.6900,0.0100,254.2000
7.06,464.6900,0.0100,254.2000
7.07,464.6900,0.0100,254.2000
7.08,464.6900,0.0100,254.2000
7.09,464.6900,0.0100,254.2000
7.10,464.6900,0.0100,254.2000
7.11,464.6900,0.0100,254.2000
7.12,464.6900,0.0100,254.2000
7.13,464.6900,0.0100,254.2000
7.15,464.6900,0.0100,254.2000
7.16,464.6900,0.0100,254.2000
7.17,464.6900,0.0100,254.2000
7.18,464.6900,0.0100,254.2000
7.19,464.6900,0.0100,254.2000
7.20,464.6900,0.0100,254.2000
7.21,464.6900,0.0100,254.2000
7.22,464.6900,0.0100,254.2000
7.24,464.6900,0.0100,254.2000
7.25,464.6900,0.0100,254.2000
7.26,464.6900,0.0100,254.2000
7.27,464.6900,0.0100,254.2000
7.28,464.6900,0.0100,254.2000
7.29,464.6900,0.0100,254.2000
7.30,464.6900,0.0100,254.2000
7.31,464.6900,0.0100,254.2000
7.32,464.6900,0.0100,254.2000
7.34,464.6900,0.0100,254.2000
7.35,464.6900,0.0100,254.2000
7.36,464.6900,0.0100,254.2000
7.37,464.6900,0.0100,254.2000
7.38,464.6900,0.0100,254.2000
7.39,464.6900,0.0100,254.2000
7.40,464.6900,0.0100,254.2000
7.41,464.6900,0.0100,254.2000
7.42,464.6900,0.0100,254.2000
7.43,464.6900,0.0100,254.2000
7.45,464.6900,0.0100,254.2000
7.46,464.6900,0.0100,254.2000
7.47,464.6900,0.0100,254.2000
7.48,464.6900,0.0100,254.2000
7.49,464.6900,0.0100,254.2000
7.50,464.6900,0.0100,254.2000
7.51,464.6900,0.0100,254.2000
7.52,464.6900,0.0100,254.2000
7.53,464.6900,0.0100,254.2000
7.55,464.6900,0.0100,254.2000
7.56,464.6900,0.0100,254.2000
7.57,464.6900,0.0100,254.2000
7.58,464.6900,0.0100,254.2000
7.59,464.6900,0.0100,254.2000
7.60,464.6900,0.0100,254.2000
7.61,464.6900,0.0100,254.2000
7.62,464.6900,0.0100,254.2000
7.63,464.6900,0.0100,254.2000
7.65,464.6900,0.0100,254.2000
7.66,464.6900,0.0100,254.2000
7.67,464.6900,0.0100,254.2000
7.68,464.6900,0.0100,254.2000
7.69,464.6900,0.0100,254.2000
7.71,464.6900,0.0100,254.2000
7.73,464.6900,0.0100,254.2066
7.74,464.6900,0.0100,254.2154
7.75,464.6900,0.0100,254.2233
7.76,464.6900,0.0100,254.2330
7.77,464.6900,0.0100,254.2444
7.78,464.6900,0.0100,254.2582
7.82,464.6900,0.0100,254.2738
7.83,464.6900,0.0100,254.3039
7.84,464.6900,0.0100,254.3115
7.85,464.6900,0.0100,254.3172
7.86,464.6900,0.0100,254.3215
7.87,464.6900,0.0100,254.3237
7.88,464.6900,0.0100,254.3237
7.89,464.6900,0.0100,254.3237
7.91,464.6900,0.0100,254.3237
7.92,464.6900,0.0100,254.3237
7.93,464.6900,0.0100,254.3237
7.94,464.6900,0.0100,254.3237
7.97,464.6900,0.0100,254.3237
7.98,464.6900,0.0100,254.3237
7.99,464.6900,0.0100,254.3237
8.00,464.6900,0.0100,254.3237
8.01,464.6900,0.0100,254.3237
8.02,464.6900,0.0100,254.3237
8.03,464.6900,0.0100,254.3237
8.04,464.6900,0.0100,254.3237
8.06,464.6900,0.0100,254.3237
8.07,464.6900,0.0100,254.3237
8.08,464.6900,0.0100,254.3237
8.09,464.6900,0.0100,254.3237
8.12,464.6900,0.0100,254.3237
8.13,464.6900,0.0100,254.3237
8.14,464.6900,0.0100,254.3237
8.15,464.6900,0.0100,254.3237
8.16,464.6900,0.0100,254.3237
8.17,464.6900,0.0100,254.3237
8.18,464.6900,0.0100,254.3237
8.19,464.6900,0.0100,254.3237
8.21,464.6900,0.0100,254.3237
8.22,464.6900,0.0100,254.3237
8.23,464.6900,0.0100,254.3237
8.24,464.6900,0.0100,254.3237
8.25,464.6900,0.0100,254.3237
8.26,464.6900,0.0100,254.3237
8.27,464.6900,0.0100,254.3237
8.28,464.6900,0.0100,254.3237
8.29,464.6900,0.0100,254.3237
8.31,464.6900,0.0100,254.3237
8.32,464.6900,0.0100,254.3237
8.33,464.6900,0.0100,254.3237
8.34,464.6900,0.0100,254.3237
8.35,464.6900,0.0100,254.3237
8.36,464.6900,0.0100,254.3237
8.37,464.6900,0.0100,254.3237
8.38,464.6900,0.0100,254.3237
8.39,464.6900,0.0100,254.3237
8.40,464.6900,0.0100,254.3237
8.42,464.6900,0.0100,254.3237
8.43,464.6900,0.0100,254.3237
8.44,464.6900,0.0100,254.3237
8.45,464.6900,0.0100,254.3237
8.46,464.6900,0.0100,254.3237
8.47,464.6900,0.0100,254.3237
8.48,464.6900,0.0100,254.3237
8.49,464.6900,0.0100,254.3237
8.50,464.6900,0.0100,254.3237
8.52,464.6900,0.0100,254.3237
8.53,464.6900,0.0100,254.3237
8.54,464.6900,0.0100,254.3237
8.55,464.6900,0.0100,254.3237
8.56,464.6900,0.0100,254.3237
8.57,464.6900,0.0100,254.3237
8.58,464.6900,0.0100,254.3237
8.59,464.6900,0.0100,254.3237
8.60,464.6900,0.0100,254.3237
8.61,464.6900,0.0100,254.3237
8.63,464.6900,0.0100,254.3237
8.64,464.6900,0.0100,254.3237
8.65,464.6900,0.0100,254.3237
8.66,464.6900,0.0100,254.3237
8.67,464.6900,0.0100,254.3237
8.68,464.6900,0.0100,254.3237
8.69,464.6900,0.0100,254.3237
8.70,464.6900,0.0100,254.3237
8.72,464.6900,0.0100,254.3237
8.73,464.6900,0.0100,254.3237
8.74,464.6900,0.0100,254.3237
8.75,464.6900,0.0100,254.3237
8.76,464.6900,0.0100,254.3237
8.77,464.6900,0.0100,254.3237
8.78,464.6900,0.0100,254.3237
8.79,464.6900,0.0100,254.3237
8.80,464.6900,0.0100,254.3237
8.81,464.6900,0.0100,254.3237
8.83,464.6900,0.0100,254.3237
8.84,464.6900,0.0100,254.3237
8.85,464.6900,0.0100,254.3237
8.86,464.6900,0.0100,254.3237
8.87,464.6900,0.0100,254.3237
8.88,464.6900,0.0100,254.3237
8.89,464.6900,0.0100,254.3237
8.91,464.6900,0.0100,254.3237
8.92,464.6900,0.0100,254.3237
8.93,464.6900,0.0100,254.3237
8.94,464.6900,0.0100,254.3237
8.95,464.6900,0.0100,254.3237
8.96,464.6900,0.0100,254.3237
8.97,464.6900,0.0100,254.3237
8.98,464.6900,0.0100,254.3237
8.99,464.6900,0.0100,254.3237
9.01,464.6900,0.0100,254.3237
9.02,464.6900,0.0100,254.3237
9.03,464.6900,0.0100,254.3237
9.04,464.6900,0.0100,254.3237
9.05,464.6900,0.0100,254.3237
9.06,464.6900,0.0100,254.3237
9.07,464.6900,0.0100,254.3237
9.08,464.6900,0.0100,254.3237
9.09,464.6900,0.0100,254.3237
9.11,464.6900,0.0100,254.3237
9.12,464.6900,0.0100,254.3237
9.13,464.6900,0.0100,254.3237
9.14,464.6900,0.0100,254.3237
9.15,464.6900,0.0100,254.3237
9.16,464.6900,0.0100,254.3237
9.17,464.6900,0.0100,254.3237
9.18,464.6900,0.0100,254.3237
9.19,464.6900,0.0100,254.3237
9.20,464.6900,0.0100,254.3237
9.22,464.6900,0.0100,254.3237
9.23,464.6900,0.0100,254.3237
9.24,464.6900,0.0100,254.3237
9.25,464.6900,0.0100,254.3237
9.26,464.6900,0.0100,254.3237
9.27,464.6900,0.0100,254.3237
9.28,464.6900,0.0100,254.3237
9.29,464.6900,0.0100,254.3237
9.30,464.6900,0.0100,254.3237
9.31,464.6900,0.0100,254.3237
9.33,464.6900,0.0100,254.3237
9.34,464.6900,0.0100,254.3237
9.35,464.6900,0.0100,254.3237
9.36,464.6900,0.0100,254.3237
9.37,464.6900,0.0100,254.3237
9.38,464.6900,0.0100,254.3237
9.39,464.6900,0.0100,254.3237
9.40,464.6900,0.0100,254.3237
9.41,464.6900,0.0100,254.3237
9.42,464.6900,0.0100,254.3237
9.44,464.6900,0.0100,254.3237
9.45,464.6900,0.0100,254.3237
9.46,464.6900,0.0100,254.3237
9.47,464.6900,0.0100,254.3237
9.48,464.6900,0.0100,254.3237
9.49,464.6900,0.0100,254.3237
9.50,464.6900,0.0100,254.3237
9.52,464.6900,0.0100,254.3237
9.53,464.6900,0.0100,254.3237
9.54,464.6900,0.0100,254.3237
9.55,464.6900,0.0100,254.3237
9.56,464.6900,0.0100,254.3237
9.57,464.6900,0.0100,254.3237
9.58,464.6900,0.0100,254.3237
9.59,464.6900,0.0100,254.3237
9.60,464.6900,0.0100,254.3237
9.61,464.6900,0.0100,254.3237
9.62,464.6900,0.0100,254.3237
9.64,464.6900,0.0100,254.3237
9.65,464.6900,0.0100,254.3237
9.66,464.6900,0.0100,254.3237
9.67,464.6900,0.0100,254.3237
9.68,464.6900,0.0100,254.3237
9.69,464.6900,0.0100,254.3237
9.70,464.6900,0.0100,254.3237
9.71,464.6900,0.0100,254.3237
9.72,464.6900,0.0100,254.3237
9.73,464.6900,0.0100,254.3237
9.74,464.6900,0.0100,254.3237
9.75,464.6900,0.0100,254.3237
9.77,464.6900,0.0100,254.3237
9.78,464.6900,0.0100,254.3237
9.79,464.6900,0.0100,254.3237
9.80,464.6900,0.0100,254.3237
9.81,464.6900,0.0100,254.3237
9.82,464.6900,0.0100,254.3237
9.83,464.6900,0.0100,254.3237
9.84,464.6900,0.0100,254.3237
9.85,464.6900,0.0100,254.3237
9.86,464.6900,0.0100,254.3237
9.87,464.6900,0.0100,254.3237
9.89,464.6900,0.0100,254.3237
9.90,464.6900,0.0100,254.3237
9.91,464.6900,0.0100,254.3237
9.92,464.6900,0.0100,254.3237
9.93,464.6900,0.0100,254.3237
9.94,464.6900,0.0100,254.3237
9.95,464.6900,0.0100,254.3237
9.96,464.6900,0.0100,254.3237
9.97,464.6900,0.0100,254.3237
9.98,464.6900,0.0100,254.3237
9.99,464.6900,0.0100,254.3237
10.00,464.6900,0.0100,254.3237
10.01,464.6900,0.0100,254.3237
10.02,464.6900,0.0100,254.3237
10.03,464.6900,0.0100,254.3237
10.04,464.6900,0.0100,254.3237
10.06,464.6900,0.0100,254.3237
10.07,464.6900,0.0100,254.3237
10.08,464.6900,0.0100,254.3237
10.09,464.6900,0.0100,254.3237
10.10,464.6900,0.0100,254.3237
10.11,464.6900,0.0100,254.3237
10.12,464.6900,0.0100,254.3237
10.13,464.6900,0.0100,254.3237
10.14,464.6900,0.0100,254.3237
10.15,464.6900,0.0100,254.3237
10.16,464.6900,0.0100,254.3237
10.17,464.6900,0.0100,254.3237
10.18,464.6900,0.0100,254.3237
10.19,464.6900,0.0100,254.3237
10.20,464.6900,0.0100,254.3237
10.21,464.6900,0.0100,254.3237
10.23,464.6900,0.0100,254.3237
10.24,464.6900,0.0100,254.3237
10.25,464.6900,0.0100,254.3237
10.26,464.6900,0.0100,254.3237
10.27,464.6900,0.0100,254.3237
10.28,464.6900,0.0100,254.3237
10.29,464.6900,0.0100,254.3237
10.30,464.6900,0.0100,254.3237
10.31,464.6900,0.0100,254.3237
10.32,464.6900,0.0100,254.3237
10.33,464.6900,0.0100,254.3237
10.35,464.6900,0.0100,254.3237
10.36,464.6900,0.0100,254.3237
10.37,464.6900,0.0100,254.3237
10.38,464.6900,0.0100,254.3237
10.39,464.6900,0.0100,254.3237
10.40,464.6900,0.0100,254.3237
10.41,464.6900,0.0100,254.3237
10.42,464.6900,0.0100,254.3237
10.43,464.6900,0.0100,254.3237
10.44,464.6900,0.0100,254.3237
10.45,464.6900,0.0100,254.3237
10.46,464.6900,0.0100,254.3237
10.47,464.6900,0.0100,254.3237
10.48,464.6900,0.0100,254.3237
10.49,464.6900,0.0100,254.3237
10.50,464.6900,0.0100,254.3237
10.52,464.6900,0.0100,254.3237
10.53,464.6900,0.0100,254.3237
10.54,464.6900,0.0100,254.3237
10.55,464.6900,0.0100,254.3237
10.56,464.6900,0.0100,254.3237
10.57,464.6900,0.0100,254.3237
10.58,464.6900,0.0100,254.3237
10.59,464.6900,0.0100,254.3237
10.60,464.6900,0.0100,254.3237
10.61,464.6900,0.0100,254.3237
10.62,464.6900,0.0100,254.3237
10.63,464.6900,0.0100,254.3237
10.64,464.6900,0.0100,254.3237
10.65,464.6900,0.0100,254.3237
10.66,464.6900,0.0100,254.3237
10.67,464.6900,0.0100,254.3237
10.68,464.6900,0.0100,254.3237
10.70,464.6900,0.0100,254.3237
10.71,464.6900,0.0100,254.3237
10.72,464.6900,0.0100,254.3237
10.73,464.6900,0.0100,254.3237
10.74,464.6900,0.0100,254.3237
10.75,464.6900,0.0100,254.3237
10.76,464.6900,0.0100,254.3237
10.77,464.6900,0.0100,254.3237
10.78,464.6900,0.0100,254.3237
10.79,464.6900,0.0100,254.3237
10.80,464.6900,0.0100,254.3237
10.81,464.6900,0.0100,254.3237
10.82,464.6900,0.0100,254.3237
10.83,464.6900,0.0100,254.3237
10.84,464.6900,0.0100,254.3237
10.86,464.6900,0.0100,254.3237
10.87,464.6900,0.0100,254.3237
10.88,464.6900,0.0100,254.3237
10.89,464.6900,0.0100,254.3237
10.90,464.6900,0.0100,254.3237
10.91,464.6900,0.0100,254.3237
10.92,464.6900,0.0100,254.3237
10.93,464.6900,0.0100,254.3237
10.94,464.6900,0.0100,254.3237
10.95,464.6900,0.0100,254.3237
10.96,464.6900,0.0100,254.3237
10.97,464.6900,0.0100,254.3237
10.98,464.6900,0.0100,254.3237
10.99,464.6900,0.0100,254.3237
11.00,464.6900,0.0100,254.3237
11.01,464.6900,0.0100,254.3237
11.02,464.6900,0.0100,254.3237
11.03,464.6900,0.0100,254.3237
11.05,464.6900,0.0100,254.3237
11.06,464.6900,0.0100,254.3237
11.07,464.6900,0.0100,254.3237
11.08,464.6900,0.0100,254.3237
11.09,464.6900,0.0100,254.3237
11.10,464.6900,0.0100,254.3237
11.11,464.6900,0.0100,254.3237
11.12,464.6900,0.0100,254.3237
11.13,464.6900,0.0100,254.3237
11.14,464.6900,0.0100,254.3237
11.15,464.6900,0.0100,254.3237
11.16,464.6900,0.0100,254.3237
11.17,464.6900,0.0100,254.3237
11.18,464.6900,0.0100,254.3237
11.19,464.6900,0.0100,254.3237
11.20,464.6900,0.0100,254.3237
11.21,464.6900,0.0100,254.3237
11.22,464.6900,0.0100,254.3237
11.24,464.6900,0.0100,254.3237
11.25,464.6900,0.0100,254.3237
11.26,464.6900,0.0100,254.3237
11.27,464.6900,0.0100,254.3237
11.28,464.6900,0.0100,254.3237
11.29,464.6900,0.0100,254.3237
11.30,464.6900,0.0100,254.3237
11.31,464.6900,0.0100,254.3237
11.32,464.6900,0.0100,254.3237
11.33,464.6900,0.0100,254.3237
11.34,464.6900,0.0100,254.3237
11.35,464.6900,0.0100,254.3237
11.36,464.6900,0.0100,254.3237
11.37,464.6900,0.0100,254.3237
11.38,464.6900,0.0100,254.3237
11.39,464.6900,0.0100,254.3237
11.40,464.6900,0.0100,254.3237
11.42,464.6900,0.0100,254.3237
11.43,464.6900,0.0100,254.3237
11.44,464.6900,0.0100,254.3237
11.45,464.6900,0.0100,254.3237
11.46,464.6900,0.0100,254.3237
11.47,464.6900,0.0100,254.3237
11.48,464.6900,0.0100,254.3237
11.49,464.6900,0.0100,254.3237
11.50,464.6900,0.0100,254.3237
11.51,464.6900,0.0100,254.3237
11.52,464.6900,0.0100,254.3237
11.53,464.6900,0.0100,254.3237
11.54,464.6900,0.0100,254.3237
11.55,464.6900,0.0100,254.3237
11.56,464.6900,0.0100,254.3237
11.57,464.6900,0.0100,254.3237
11.59,464.6900,0.0100,254.3237
11.60,464.6900,0.0100,254.3237
11.61,464.6900,0.0100,254.3237
11.62,464.6900,0.0100,254.3237
11.63,464.6900,0.0100,254.3237
11.64,464.6900,0.0100,254.3237
11.65,464.6900,0.0100,254.3237
11.66,464.6900,0.0100,254.3237
11.67,464.6900,0.0100,254.3237
11.68,464.6900,0.0100,254.3237
11.69,464.6900,0.0100,254.3237
11.70,464.6900,0.0100,254.3237
11.71,464.6900,0.0100,254.3237
11.72,464.6900,0.0100,254.3237
11.73,464.6900,0.0100,254.3237
11.75,464.6900,0.0100,254.3237
11.76,464.6900,0.0100,254.3237
11.77,464.6900,0.0100,254.3237
11.78,464.6900,0.0100,254.3237
11.79,464.6900,0.0100,254.3237
11.80,464.6900,0.0100,254.3237
11.81,464.6900,0.0100,254.3237
11.82,464.6900,0.0100,254.3237
11.83,464.6900,0.0100,254.3237
11.84,464.6900,0.0100,254.3237
11.85,464.6900,0.0100,254.3237
11.86,464.6900,0.0100,254.3237
11.87,464.6900,0.0100,254.3237
11.88,464.6900,0.0100,254.3237
11.89,464.6900,0.0100,254.3237
11.90,464.6900,0.0100,254.3237
11.92,464.6900,0.0100,254.3237
11.93,464.6900,0.0100,254.3237
11.94,464.6900,0.0100,254.3237
11.95,464.6900,0.0100,254.3237
11.96,464.6900,0.0100,254.3237
11.97,464.6900,0.0100,254.3237
11.98,464.6900,0.0100,254.3237
11.99,464.6900,0.0100,254.3237
12.00,464.6900,0.0100,254.3237
12.01,464.6900,0.0100,254.3237
12.02,464.6900,0.0100,254.3237
12.03,464.6900,0.0100,254.3237
12.04,464.6900,0.0100,254.3237
12.05,464.6900,0.0100,254.3237
12.07,464.6900,0.0100,254.3237
12.08,464.6900,0.0100,254.3237
12.09,464.6900,0.0100,254.3237
12.10,464.6900,0.0100,254.3237
12.11,464.6900,0.0100,254.3237
12.12,464.6900,0.0100,254.3237
12.13,464.6900,0.0100,254.3237
12.14,464.6900,0.0100,254.3237
12.15,464.6900,0.0100,254.3237
12.16,464.6900,0.0100,254.3237
12.17,464.6900,0.0100,254.3237
12.18,464.6900,0.0100,254.3237
12.19,464.6900,0.0100,254.3237
12.20,464.6900,0.0100,254.3237
12.21,464.6900,0.0100,254.3237
12.22,464.6900,0.0100,254.3237
12.23,464.6900,0.0100,254.3237
12.24,464.6900,0.0100,254.3237
12.26,464.6900,0.0100,254.3237
12.27,464.6900,0.0100,254.3237
12.28,464.6900,0.0100,254.3237
12.29,464.6900,0.0100,254.3237
12.30,464.6900,0.0100,254.3237
12.31,464.6900,0.0100,254.3237
12.32,464.6900,0.0100,254.3237
12.33,464.6900,0.0100,254.3237
12.34,464.6900,0.0100,254.3237
12.35,464.6900,0.0100,254.3237
12.36,464.6900,0.0100,254.3237
12.37,464.6900,0.0100,254.3237
12.38,464.6900,0.0100,254.3237
12.39,464.6900,0.0100,254.3237
12.40,464.6900,0.0100,254.3237
12.42,464.6900,0.0100,254.3237
12.43,464.6900,0.0100,254.3237
12.44,464.6900,0.0100,254.3237
12.45,464.6900,0.0100,254.3237
12.46,464.6900,0.0100,254.3237
12.47,464.6900,0.0100,254.3237
12.48,464.6900,0.0100,254.3237
12.49,464.6900,0.0100,254.3237
12.50,464.6900,0.0100,254.3237
12.51,464.6900,0.0100,254.3237
12.52,464.6900,0.0100,254.3237
12.53,464.6900,0.0100,254.3237
12.54,464.6900,0.0100,254.3237
12.55,464.6900,0.0100,254.3237
12.56,464.6900,0.0100,254.3237
12.57,464.6900,0.0100,254.3237
12.59,464.6900,0.0100,254.3237
12.60,464.6900,0.0100,254.3237
12.61,464.6900,0.0100,254.3237
12.62,464.6900,0.0100,254.3237
12.63,464.6900,0.0100,254.3237
12.64,464.6900,0.0100,254.3237
12.65,464.6900,0.0100,254.3237
12.66,464.6900,0.0100,254.3237
12.67,464.6900,0.0100,254.3237
12.68,464.6900,0.0100,254.3237
12.69,464.6900,0.0100,254.3237
12.71,464.6900,0.0100,254.3237
12.72,464.6900,0.0100,254.3237
12.73,464.6900,0.0100,254.3237
12.74,464.6900,0.0100,254.3237
12.75,464.6900,0.0100,254.3237
12.76,464.6900,0.0100,254.3237
12.77,464.6900,0.0100,254.3237
12.78,464.6900,0.0100,254.3237
12.79,464.6900,0.0100,254.3237
12.80,464.6900,0.0100,254.3237
12.81,464.6900,0.0100,254.3237
12.82,464.6900,0.0100,254.3237
12.84,464.6900,0.0100,254.3237
12.85,464.6900,0.0100,254.3237
12.86,464.6900,0.0100,254.3237
12.87,464.6900,0.0100,254.3237
12.88,464.6900,0.0100,254.3237
12.89,464.6900,0.0100,254.3237
12.90,464.6900,0.0100,254.3237
12.91,464.6900,0.0100,254.3237
12.92,464.6900,0.0100,254.3237
12.93,464.6900,0.0100,254.3237
12.94,464.6900,0.0100,254.3237
12.95,464.6900,0.0100,254.3237
12.96,464.6900,0.0100,254.3237
12.98,464.6900,0.0100,254.3237
12.99,464.6900,0.0100,254.3237
13.00,464.6900,0.0100,254.3237
13.01,464.6900,0.0100,254.3237
13.02,464.6900,0.0100,254.3237
13.03,464.6900,0.0100,254.3237
13.04,464.6900,0.0100,254.3237
13.05,464.6900,0.0100,254.3237
13.06,464.6900,0.0100,254.3237
13.07,464.6900,0.0100,254.3237
13.08,464.6900,0.0100,254.3237
13.09,464.6900,0.0100,254.3237
13.11,464.6900,0.0100,254.3237
13.12,464.6900,0.0100,254.3237
13.13,464.6900,0.0100,254.3237
13.14,464.6900,0.0100,254.3237
13.15,464.6900,0.0100,254.3237
13.16,464.6900,0.0100,254.3237
13.17,464.6900,0.0100,254.3237
13.18,464.6900,0.0100,254.3237
13.19,464.6900,0.0100,254.3237
13.20,464.6900,0.0100,254.3237
13.21,464.6900,0.0100,254.3237
13.22,464.6900,0.0100,254.3237
13.24,464.6900,0.0100,254.3237
13.25,464.6900,0.0100,254.3237
13.26,464.6900,0.0100,254.3237
13.27,464.6900,0.0100,254.3237
13.28,464.6900,0.0100,254.3237
13.29,464.6900,0.0100,254.3237
13.30,464.6900,0.0100,254.3237
13.31,464.6900,0.0100,254.3237
13.32,464.6900,0.0100,254.3237
13.33,464.6900,0.0100,254.3237
13.34,464.6900,0.0100,254.3237
13.35,464.6900,0.0100,254.3237
13.37,464.6900,0.0100,254.3237
13.38,464.6900,0.0100,254.3237
13.39,464.6900,0.0100,254.3237
13.40,464.6900,0.0100,254.3237
13.41,464.6900,0.0100,254.3237
13.42,464.6900,0.0100,254.3237
13.44,464.6900,0.0100,254.3237
13.45,464.6900,0.0100,254.3237
13.46,464.6900,0.0100,254.3237
13.47,464.6900,0.0100,254.3237
13.48,464.6900,0.0100,254.3237
13.49,464.6900,0.0100,254.3237
13.50,464.6900,0.0100,254.3237
13.51,464.6900,0.0100,254.3237
13.52,464.6900,0.0100,254.3237
13.54,464.6900,0.0100,254.3237
13.55,464.6900,0.0100,254.3237
13.56,464.6900,0.0100,254.3237
13.57,464.6900,0.0100,254.3237
13.58,464.6900,0.0100,254.3237
13.59,464.6900,0.0100,254.3237
13.60,464.6900,0.0100,254.3237
13.61,464.6900,0.0100,254.3237
13.62,464.6900,0.0100,254.3237
13.63,464.6900,0.0100,254.3237
13.64,464.6900,0.0100,254.3237
13.65,464.6900,0.0100,254.3237
13.66,464.6900,0.0100,254.3237
13.68,464.6900,0.0100,254.3237
13.69,464.6900,0.0100,254.3237
13.70,464.6900,0.0100,254.3237
13.71,464.6900,0.0100,254.3237
13.72,464.6900,0.0100,254.3237
13.73,464.6900,0.0100,254.3237
13.74,464.6900,0.0100,254.3237
13.75,464.6900,0.0100,254.3237
13.76,464.6900,0.0100,254.3237
13.77,464.6900,0.0100,254.3237
13.78,464.6900,0.0100,254.3237
13.80,464.6900,0.0100,254.3237
13.81,464.6900,0.0100,254.3237
13.82,464.6900,0.0100,254.3237
13.83,464.6900,0.0100,254.3237
13.84,464.6900,0.0100,254.3237
13.85,464.6900,0.0100,254.3237
13.86,464.6900,0.0100,254.3237
13.87,464.6900,0.0100,254.3237
13.88,464.6900,0.0100,254.3237
13.89,464.6900,0.0100,254.3237
13.90,464.6900,0.0100,254.3237
13.92,464.6900,0.0100,254.3237
13.93,464.6900,0.0100,254.3237
13.94,464.6900,0.0100,254.3237
13.95,464.6900,0.0100,254.3237
13.96,464.6900,0.0100,254.3237
13.97,464.6900,0.0100,254.3237
13.98,464.6900,0.0100,254.3237
13.99,464.6900,0.0100,254.3237
14.00,464.6900,0.0100,254.3237
14.01,464.6900,0.0100,254.3237
14.02,464.6900,0.0100,254.3237
14.04,464.6900,0.0100,254.3237
14.05,464.6900,0.0100,254.3237
14.06,464.6900,0.0100,254.3237
14.07,464.6900,0.0100,254.3237
14.08,464.6900,0.0100,254.3237
14.09,464.6900,0.0100,254.3237
14.10,464.6900,0.0100,254.3237
14.11,464.6900,0.0100,254.3237
14.12,464.6900,0.0100,254.3237
14.13,464.6900,0.0100,254.3237
14.15,464.6900,0.0100,254.3237
14.16,464.6900,0.0100,254.3237
14.17,464.6900,0.0100,254.3237
14.18,464.6900,0.0100,254.3237
14.19,464.6900,0.0100,254.3237
14.20,464.6900,0.0100,254.3237
14.21,464.6900,0.0100,254.3237
14.22,464.6900,0.0100,254.3237
14.23,464.6900,0.0100,254.3237
14.24,464.6900,0.0100,254.3237
14.25,464.6900,0.0100,254.3237
14.27,464.6900,0.0100,254.3237
14.28,464.6900,0.0100,254.3237
14.29,464.6900,0.0100,254.3237
14.30,464.6900,0.0100,254.3237
14.31,464.6900,0.0100,254.3237
14.32,464.6900,0.0100,254.3237
14.33,464.6900,0.0100,254.3237
14.34,464.6900,0.0100,254.3237
14.35,464.6900,0.0100,254.3237
14.36,464.6900,0.0100,254.3237
14.37,464.6900,0.0100,254.3237
14.39,464.6900,0.0100,254.3237
14.40,464.6900,0.0100,254.3237
14.41,464.6900,0.0100,254.3237
14.42,464.6900,0.0100,254.3237
14.43,464.6900,0.0100,254.3237
14.44,464.6900,0.0100,254.3237
14.45,464.6900,0.0100,254.3237
14.46,464.6900,0.0100,254.3237
14.47,464.6900,0.0100,254.3237
14.48,464.6900,0.0100,254.3237
14.49,464.6900,0.0100,254.3237
14.51,464.6900,0.0100,254.3237
14.52,464.6900,0.0100,254.3237
14.53,464.6900,0.0100,254.3237
14.54,464.6900,0.0100,254.3237
14.55,464.6900,0.0100,254.3237
14.56,464.6900,0.0100,254.3237
14.57,464.6900,0.0100,254.3237
14.58,464.6900,0.0100,254.3237
14.59,464.6900,0.0100,254.3237
14.60,464.6900,0.0100,254.3237
14.61,464.6900,0.0100,254.3237
14.62,464.6900,0.0100,254.3237
14.63,464.6900,0.0100,254.3237
14.65,464.6900,0.0100,254.3237
14.66,464.6900,0.0100,254.3237
14.67,464.6900,0.0100,254.3237
14.68,464.6900,0.0100,254.3237
14.69,464.6900,0.0100,254.3237
14.70,464.6900,0.0100,254.3237
14.71,464.6900,0.0100,254.3237
14.72,464.6900,0.0100,254.3237
14.73,464.6900,0.0100,254.3237
14.74,464.6900,0.0100,254.3237
14.75,464.6900,0.0100,254.3237
14.76,464.6900,0.0100,254.3237
14.78,464.6900,0.0100,254.3237
14.79,464.6900,0.0100,254.3237
14.80,464.6900,0.0100,254.3237
14.81,464.6900,0.0100,254.3237
14.82,464.6900,0.0100,254.3237
14.83,464.6900,0.0100,254.3237
14.84,464.6900,0.0100,254.3237
14.85,464.6900,0.0100,254.3237
14.86,464.6900,0.0100,254.3237
14.87,464.6900,0.0100,254.3237
14.88,464.6900,0.0100,254.3237
14.89,464.6900,0.0100,254.3237
14.90,464.6900,0.0100,254.3237
14.92,464.6900,0.0100,254.3237
14.93,464.6900,0.0100,254.3237
14.94,464.6900,0.0100,254.3237
14.95,464.6900,0.0100,254.3237
14.96,464.6900,0.0100,254.3237
14.97,464.6900,0.0100,254.3237
14.98,464.6900,0.0100,254.3237
14.99,464.6900,0.0100,254.3237
15.00,464.6900,0.0100,254.3237
15.01,464.6900,0.0100,254.3237
15.02,464.6900,0.0100,254.3237
15.04,464.6900,0.0100,254.3237
15.05,464.6900,0.0100,254.3237
15.06,464.6900,0.0100,254.3237
15.07,464.6900,0.0100,254.3237
15.08,464.6900,0.0100,254.3237
15.09,464.6900,0.0100,254.3237
15.10,464.6900,0.0100,254.3237
15.11,464.6900,0.0100,254.3237
15.12,464.6900,0.0100,254.3237
15.13,464.6900,0.0100,254.3237
15.14,464.6900,0.0100,254.3237
15.15,464.6900,0.0100,254.3237
15.17,464.6900,0.0100,254.3237
15.18,464.6900,0.0100,254.3237
15.19,464.6900,0.0100,254.3237
15.20,464.6900,0.0100,254.3237
15.21,464.6900,0.0100,254.3237
15.22,464.6900,0.0100,254.3237
15.23,464.6900,0.0100,254.3237
15.24,464.6900,0.0100,254.3237
15.25,464.6900,0.0100,254.3237
15.26,464.6900,0.0100,254.3237
15.27,464.6900,0.0100,254.3237
15.29,464.6900,0.0100,254.3237
15.30,464.6900,0.0100,254.3237
15.31,464.6900,0.0100,254.3237
15.32,464.6900,0.0100,254.3237
15.33,464.6900,0.0100,254.3237
15.34,464.6900,0.0100,254.3237
15.35,464.6900,0.0100,254.3237
15.36,464.6900,0.0100,254.3237
15.37,464.6900,0.0100,254.3237
15.38,464.6900,0.0100,254.3237
15.40,464.6900,0.0100,254.3237
15.41,464.6900,0.0100,254.3237
15.42,464.6900,0.0100,254.3237
15.43,464.6900,0.0100,254.3237
15.44,464.6900,0.0100,254.3237
15.45,464.6900,0.0100,254.3237
15.46,464.6900,0.0100,254.3237
15.47,464.6900,0.0100,254.3237
15.48,464.6900,0.0100,254.3237
15.49,464.6900,0.0100,254.3237
15.50,464.6900,0.0100,254.3237
15.51,464.6900,0.0100,254.3237
15.52,464.6900,0.0100,254.3237
15.54,464.6900,0.0100,254.3237
15.55,464.6900,0.0100,254.3237
15.56,464.6900,0.0100,254.3237
15.57,464.6900,0.0100,254.3237
15.58,464.6900,0.0100,254.3237
15.59,464.6900,0.0100,254.3237
15.60,464.6900,0.0100,254.3237
15.61,464.6900,0.0100,254.3237
15.62,464.6900,0.0100,254.3237
15.63,464.6900,0.0100,254.3237
15.64,464.6900,0.0100,254.3237
15.66,464.6900,0.0100,254.3237
15.67,464.6900,0.0100,254.3237
15.68,464.6900,0.0100,254.3237
15.69,464.6900,0.0100,254.3237
15.70,464.6900,0.0100,254.3237
15.71,464.6900,0.0100,254.3237
15.72,464.6900,0.0100,254.3237
15.73,464.6900,0.0100,254.3237
15.74,464.6900,0.0100,254.3237
15.75,464.6900,0.0100,254.3237
15.76,464.6900,0.0100,254.3237
15.77,464.6900,0.0100,254.3237
15.79,464.6900,0.0100,254.3237
15.80,464.6900,0.0100,254.3237
15.81,464.6900,0.0100,254.3237
15.82,464.6900,0.0100,254.3237
15.83,464.6900,0.0100,254.3237
15.84,464.6900,0.0100,254.3237
15.85,464.6900,0.0100,254.3237
15.86,464.6900,0.0100,254.3237
15.87,464.6900,0.0100,254.3237
15.88,464.6900,0.0100,254.3237
15.89,464.6900,0.0100,254.3237
15.90,464.6900,0.0100,254.3237
15.91,464.6900,0.0100,254.3237
15.93,464.6900,0.0100,254.3237
15.94,464.6900,0.0100,254.3237
15.95,464.6900,0.0100,254.3237
15.96,464.6900,0.0100,254.3237
15.97,464.6900,0.0100,254.3237
15.98,464.6900,0.0100,254.3237
15.99,464.6900,0.0100,254.3237
16.00,464.6900,0.0100,254.3237
16.01,464.6900,0.0100,254.3237
16.02,464.6900,0.0100,254.3237
16.03,464.6900,0.0100,254.3237
16.04,464.6900,0.0100,254.3237
16.06,464.6900,0.0100,254.3237
16.07,464.6900,0.0100,254.3237
16.08,464.6900,0.0100,254.3237
16.09,464.6900,0.0100,254.3237
16.10,464.6900,0.0100,254.3237
16.11,464.6900,0.0100,254.3237
16.12,464.6900,0.0100,254.3237
16.13,464.6900,0.0100,254.3237
16.14,464.6900,0.0100,254.3237
16.15,464.6900,0.0100,254.3237
16.16,464.6900,0.0100,254.3237
16.17,464.6900,0.0100,254.3237
16.19,464.6900,0.0100,254.3237
16.20,464.6900,0.0100,254.3237
16.21,464.6900,0.0100,254.3237
16.22,464.6900,0.0100,254.3237
16.23,464.6900,0.0100,254.3237
16.24,464.6900,0.0100,254.3237
16.25,464.6900,0.0100,254.3237
16.26,464.6900,0.0100,254.3237
16.27,464.6900,0.0100,254.3237
16.28,464.6900,0.0100,254.3237
16.29,464.6900,0.0100,254.3237
16.30,464.6900,0.0100,254.3237
16.31,464.6900,0.0100,254.3237
16.33,464.6900,0.0100,254.3237
16.34,464.6900,0.0100,254.3237
16.35,464.6900,0.0100,254.3237
16.36,464.6900,0.0100,254.3237
16.37,464.6900,0.0100,254.3237
16.38,464.6900,0.0100,254.3237
16.39,464.6900,0.0100,254.3237
16.40,464.6900,0.0100,254.3237
16.41,464.6900,0.0100,254.3237
16.42,464.6900,0.0100,254.3237
16.43,464.6900,0.0100,254.3237
16.45,464.6900,0.0100,254.3237
16.46,464.6900,0.0100,254.3237
16.47,464.6900,0.0100,254.3237
16.48,464.6900,0.0100,254.3237
16.49,464.6900,0.0100,254.3237
16.50,464.6900,0.0100,254.3237
16.51,464.6900,0.0100,254.3237
16.52,464.6900,0.0100,254.3237
16.53,464.6900,0.0100,254.3237
16.54,464.6900,0.0100,254.3237
16.55,464.6900,0.0100,254.3237
16.56,464.6900,0.0100,254.3237
16.57,464.6900,0.0100,254.3237
16.59,464.6900,0.0100,254.3237
16.60,464.6900,0.0100,254.3237
16.61,464.6900,0.0100,254.3237
16.62,464.6900,0.0100,254.3237
16.63,464.6900,0.0100,254.3237
16.64,464.6900,0.0100,254.3237
16.65,464.6900,0.0100,254.3237
16.66,464.6900,0.0100,254.3237
16.67,464.6900,0.0100,254.3237
16.68,464.6900,0.0100,254.3237
16.70,464.6900,0.0100,254.3237
16.71,464.6900,0.0100,254.3237
16.72,464.6900,0.0100,254.3237
16.73,464.6900,0.0100,254.3237
16.74,464.6900,0.0100,254.3237
16.75,464.6900,0.0100,254.3237
16.76,464.6900,0.0100,254.3237
16.77,464.6900,0.0100,254.3237
16.79,464.6900,0.0100,254.3237
16.80,464.6900,0.0100,254.3237
16.81,464.6900,0.0100,254.3237
16.82,464.6900,0.0100,254.3237
16.83,464.6900,0.0100,254.3237
16.84,464.6900,0.0100,254.3237
16.85,464.6900,0.0100,254.3237
16.86,464.6900,0.0100,254.3237
16.87,464.6900,0.0100,254.3237
16.89,464.6900,0.0100,254.3237
16.90,464.6900,0.0100,254.3237
16.91,464.6900,0.0100,254.3237
16.92,464.6900,0.0100,254.3237
16.93,464.6900,0.0100,254.3237
16.94,464.6900,0.0100,254.3237
16.95,464.6900,0.0100,254.3237
16.96,464.6900,0.0100,254.3237
16.97,464.6900,0.0100,254.3237
16.98,464.6900,0.0100,254.3237
16.99,464.6900,0.0100,254.3237
17.01,464.6900,0.0100,254.3237
17.02,464.6900,0.0100,254.3237
17.03,464.6900,0.0100,254.3237
17.04,464.6900,0.0100,254.3237
17.05,464.6900,0.0100,254.3237
17.06,464.6900,0.0100,254.3237
17.07,464.6900,0.0100,254.3237
17.08,464.6900,0.0100,254.3237
17.09,464.6900,0.0100,254.3237
17.10,464.6900,0.0100,254.3237
17.11,464.6900,0.0100,254.3237
17.12,464.6900,0.0100,254.3237
17.14,464.6900,0.0100,254.3237
17.15,464.6900,0.0100,254.3237
17.16,464.6900,0.0100,254.3237
17.17,464.6900,0.0100,254.3237
17.18,464.6900,0.0100,254.3237
17.19,464.6900,0.0100,254.3237
17.20,464.6900,0.0100,254.3237
17.21,464.6900,0.0100,254.3237
17.22,464.6900,0.0100,254.3237
17.23,464.6900,0.0100,254.3237
17.25,464.6900,0.0100,254.3237
17.26,464.6900,0.0100,254.3237
17.27,464.6900,0.0100,254.3237
17.28,464.6900,0.0100,254.3237
17.29,464.6900,0.0100,254.3237
17.30,464.6900,0.0100,254.3237
17.31,464.6900,0.0100,254.3237
17.32,464.6900,0.0100,254.3237
17.33,464.6900,0.0100,254.3237
17.34,464.6900,0.0100,254.3237
17.35,464.6900,0.0100,254.3237
17.36,464.6900,0.0100,254.3237
17.38,464.6900,0.0100,254.3237
17.39,464.6900,0.0100,254.3237
17.40,464.6900,0.0100,254.3237
17.41,464.6900,0.0100,254.3237
17.42,464.6900,0.0100,254.3237
17.43,464.6900,0.0100,254.3237
17.44,464.6900,0.0100,254.3237
17.45,464.6900,0.0100,254.3237
17.46,464.6900,0.0100,254.3237
17.47,464.6900,0.0100,254.3237
17.48,464.6900,0.0100,254.3237
17.49,464.6900,0.0100,254.3237
17.50,464.6900,0.0100,254.3237
17.52,464.6900,0.0100,254.3237
17.53,464.6900,0.0100,254.3237
17.54,464.6900,0.0100,254.3237
17.55,464.6900,0.0100,254.3237
17.56,464.6900,0.0100,254.3237
17.57,464.6900,0.0100,254.3237
17.58,464.6900,0.0100,254.3237
17.59,464.6900,0.0100,254.3237
17.60,464.6900,0.0100,254.3237
17.61,464.6900,0.0100,254.3237
17.63,464.6900,0.0100,254.3237
17.64,464.6900,0.0100,254.3237
17.65,464.6900,0.0100,254.3237
17.66,464.6900,0.0100,254.3237
17.67,464.6900,0.0100,254.3237
17.68,464.6900,0.0100,254.3237
17.69,464.6900,0.0100,254.3237
17.70,464.6900,0.0100,254.3237
17.72,464.6900,0.0100,254.3237
17.73,464.6900,0.0100,254.3237
17.74,464.6900,0.0100,254.3237
17.75,464.6900,0.0100,254.3237
17.76,464.6900,0.0100,254.3237
17.77,464.6900,0.0100,254.3237
17.78,464.6900,0.0100,254.3237
17.80,464.6900,0.0100,254.3237
17.80,464.6900,0.0100,254.3237
17.82,464.6900,0.0100,254.3237
17.83,464.6900,0.0100,254.3237
17.84,464.6900,0.0100,254.3237
17.85,464.6900,0.0100,254.3237
17.86,464.6900,0.0100,254.3237
17.87,464.6900,0.0100,254.3237
17.88,464.6900,0.0100,254.3237
17.89,464.6900,0.0100,254.3237
17.90,464.6900,0.0100,254.3237
17.91,464.6900,0.0100,254.3237
17.93,464.6900,0.0100,254.3237
17.94,464.6900,0.0100,254.3237
17.95,464.6900,0.0100,254.3237
17.96,464.6900,0.0100,254.3237
17.97,464.6900,0.0100,254.3237
17.98,464.6900,0.0100,254.3237
17.99,464.6900,0.0100,254.3237
18.00,464.6900,0.0100,254.3237
18.01,464.6900,0.0100,254.3237
18.03,464.6900,0.0100,254.3237
18.05,464.6900,0.0100,254.3237
18.06,464.6900,0.0100,254.3237
18.07,464.6900,0.0100,254.3237
18.09,464.6900,0.0100,254.3237
18.10,464.6900,0.0100,254.3237
18.11,464.6900,0.0100,254.3237
18.12,464.6900,0.0100,254.3237
18.13,464.6900,0.0100,254.3237
18.14,464.6900,0.0100,254.3237
18.15,464.6900,0.0100,254.3237
18.17,464.6900,0.0100,254.3237
18.18,464.6900,0.0100,254.3237
18.19,464.6900,0.0100,254.3237
18.20,464.6900,0.0100,254.3237
18.21,464.6900,0.0100,254.3237
18.22,464.6900,0.0100,254.3237
18.23,464.6900,0.0100,254.3237
18.24,464.6900,0.0100,254.3237
18.25,464.6900,0.0100,254.3237
18.26,464.6900,0.0100,254.3237
18.27,464.6900,0.0100,254.3237
18.29,464.6900,0.0100,254.3237
18.30,464.6900,0.0100,254.3237
18.31,464.6900,0.0100,254.3237
18.32,464.6900,0.0100,254.3237
18.33,464.6900,0.0100,254.3237
18.34,464.6900,0.0100,254.3237
18.35,464.6900,0.0100,254.3237
18.36,464.6900,0.0100,254.3237
18.37,464.6900,0.0100,254.3237
18.38,464.6900,0.0100,254.3237
18.40,464.6900,0.0100,254.3237
18.40,464.6900,0.0100,254.3237
18.42,464.6900,0.0100,254.3237
18.43,464.6900,0.0100,254.3237
18.44,464.6900,0.0100,254.3237
18.45,464.6900,0.0100,254.3237
18.46,464.6900,0.0100,254.3237
18.47,464.6900,0.0100,254.3237
18.48,464.6900,0.0100,254.3237
18.49,464.6900,0.0100,254.3237
18.50,464.6900,0.0100,254.3237
18.51,464.6900,0.0100,254.3237
18.52,464.6900,0.0100,254.3237
18.53,464.6900,0.0100,254.3237
18.55,464.6900,0.0100,254.3237
18.56,464.6900,0.0100,254.3237
18.57,464.6900,0.0100,254.3237
18.58,464.6900,0.0100,254.3237
18.59,464.6900,0.0100,254.3237
18.60,464.6900,0.0100,254.3237
18.61,464.6900,0.0100,254.3237
18.62,464.6900,0.0100,254.3237
18.63,464.6900,0.0100,254.3237
18.64,464.6900,0.0100,254.3237
18.65,464.6900,0.0100,254.3237
18.66,464.6900,0.0100,254.3237
18.67,464.6900,0.0100,254.3237
18.68,464.6900,0.0100,254.3237
18.69,464.6900,0.0100,254.3237
18.70,464.6900,0.0100,254.3237
18.71,464.6900,0.0100,254.3237
18.72,464.6900,0.0100,254.3237
18.73,464.6900,0.0100,254.3237
18.75,464.6900,0.0100,254.3237
18.76,464.6900,0.0100,254.3237
18.77,464.6900,0.0100,254.3237
18.78,464.6900,0.0100,254.3237
18.79,464.6900,0.0100,254.3237
18.80,464.6900,0.0100,254.3237
18.81,464.6900,0.0100,254.3237
18.82,464.6900,0.0100,254.3237
18.84,464.6900,0.0100,254.3237
18.86,464.6900,0.0100,254.3237
18.87,464.6900,0.0100,254.3237
18.88,464.6900,0.0100,254.3237
18.89,464.6900,0.0100,254.3237
18.92,464.6900,0.0100,254.3237
